dataset,label_type,model,cv_mode,cv_k,step,train_loss,test_loss,train_accuracy,test_accuracy,train_top2accuracy,test_top2accuracy,train_top3accuracy,test_top3accuracy
AMRB2,species,drcaps,k-fold,0,36,0.097902171,0.245446452,0.815820475,0.546755666,0.965746173,0.813770325,0.996107826,0.958441119
AMRB2,species,drcaps,k-fold,0,48,0.09467591,0.241852513,0.822164988,0.544730845,0.967574841,0.809651392,0.996161723,0.958464215
AMRB2,species,drcaps,k-fold,0,87,0.085402053,0.256897918,0.841764452,0.538325326,0.974360159,0.818120227,0.9972262,0.960365854
AMRB2,species,drcaps,k-fold,0,97,0.085680822,0.25615326,0.841679756,0.537948078,0.974069497,0.821985095,0.997285873,0.961559189
AMRB2,species,drcaps,k-fold,0,100,0.085035468,0.255942801,0.842755782,0.540250062,0.974238889,0.818343496,0.997262774,0.963168268
AMRB2,species,drcaps,k-fold,1,15,0.107405401,0.200522686,0.79391304,0.622420855,0.957780883,0.867963168,0.994550571,0.981576435
AMRB2,species,drcaps,k-fold,1,16,0.107079667,0.201396966,0.794892821,0.623868256,0.958061921,0.868971729,0.99458137,0.982207748
AMRB2,species,drcaps,k-fold,1,21,0.100985917,0.201316065,0.806781083,0.626801552,0.962131187,0.871650961,0.995064523,0.981229983
AMRB2,species,drcaps,k-fold,1,83,0.084835626,0.225495285,0.840667252,0.598538741,0.973657566,0.84782274,0.997054883,0.972545578
AMRB2,species,drcaps,k-fold,1,86,0.084346254,0.22585003,0.841801026,0.595405272,0.973927053,0.845505358,0.996993286,0.97369272
AMRB2,species,drcaps,k-fold,2,20,0.103558688,0.189694569,0.798650251,0.625716001,0.964094598,0.895148128,0.996577505,0.974778271
AMRB2,species,drcaps,k-fold,2,23,0.100335023,0.19113521,0.805510641,0.630189086,0.966552712,0.890890613,0.996833518,0.973931387
AMRB2,species,drcaps,k-fold,2,89,0.085001696,0.201344561,0.84014945,0.620557711,0.976167652,0.909552846,0.998026964,0.981599532
AMRB2,species,drcaps,k-fold,2,91,0.084762859,0.207209152,0.840646078,0.609709904,0.976439065,0.908444198,0.998084712,0.980929724
AMRB2,species,drcaps,k-fold,2,93,0.084807195,0.204686774,0.840973313,0.614475548,0.976414041,0.909822308,0.998061613,0.980775745
AMRB2,species,drcaps,k-fold,2,95,0.084543326,0.209913781,0.841163879,0.605429293,0.97655841,0.909460458,0.998021189,0.981006713
AMRB2,species,drcaps,k-fold,3,1,0.156165261,0.235149033,0.699147649,0.53713969,0.914121932,0.763126694,0.988820105,0.94047949
AMRB2,species,drcaps,k-fold,3,14,0.10747025,0.225483196,0.796779236,0.592471976,0.957832856,0.796771064,0.995453356,0.930062823
AMRB2,species,drcaps,k-fold,3,39,0.091746898,0.218541588,0.828112969,0.604874969,0.968591195,0.796355322,0.997033709,0.903170424
AMRB2,species,drcaps,k-fold,3,83,0.087984877,0.232159728,0.837375651,0.597907428,0.971257199,0.78611573,0.99746489,0.883053092
AMRB2,species,drcaps,k-fold,3,85,0.087719971,0.228087253,0.838218763,0.598176891,0.971507438,0.784106307,0.997412917,0.90297795
AMRB2,species,drcaps,k-fold,4,18,0.123309941,0.178257063,0.767537882,0.667652131,0.942019696,0.88212152,0.992787351,0.969858647
AMRB2,species,drcaps,k-fold,4,62,0.097913388,0.187517594,0.819907065,0.67194814,0.961422819,0.86424458,0.995522652,0.950988544
AMRB2,species,drcaps,k-fold,4,82,0.09444362,0.189677415,0.827577843,0.668437423,0.964213943,0.864891291,0.996077027,0.951080931
AMRB2,species,drcaps,k-fold,4,83,0.094171184,0.190379918,0.827856956,0.670292868,0.964391035,0.86431387,0.996067403,0.947716494
AMRB2,species,drcaps,k-fold,5,9,0.134802285,0.138549604,0.737653608,0.725501971,0.928726247,0.953975733,0.991064554,0.998922148
AMRB2,species,drcaps,k-fold,5,38,0.108268573,0.12902739,0.795543441,0.755574033,0.950583634,0.953444506,0.993938449,0.995511518
AMRB2,species,drcaps,k-fold,5,48,0.104795432,0.130124643,0.803512581,0.756852057,0.95343443,0.95116562,0.99458522,0.995311345
AMRB2,species,drcaps,k-fold,5,81,0.097527753,0.131620392,0.819421987,0.754511579,0.9596211,0.952127987,0.995786365,0.994726226
AMRB2,species,drcaps,k-fold,6,3,0.147575064,0.207058871,0.706464243,0.596244457,0.917097847,0.841709781,0.989233962,0.986927199
AMRB2,species,drcaps,k-fold,6,5,0.142328527,0.220944972,0.71770381,0.594573787,0.922256614,0.809143262,0.99037736,0.990499507
AMRB2,species,drcaps,k-fold,6,81,0.098814453,0.235627196,0.814505759,0.597006652,0.959811667,0.797048226,0.996171348,0.956816642
AMRB2,species,drcaps,k-fold,6,82,0.098543034,0.23170678,0.814965814,0.599023774,0.959932936,0.802137226,0.996036604,0.961089554
AMRB2,species,drcaps,k-fold,6,83,0.098941926,0.226801141,0.814474961,0.604428431,0.959827066,0.808465755,0.996119375,0.967548965
AMRB2,species,drcaps,k-fold,7,3,0.151839014,0.185281155,0.699395962,0.631259239,0.914805276,0.855144432,0.988929825,0.989306171
AMRB2,species,drcaps,k-fold,7,33,0.107077789,0.189132665,0.794729203,0.654587029,0.95454318,0.86860218,0.995143445,0.994441365
AMRB2,species,drcaps,k-fold,7,60,0.099939542,0.187575981,0.809774323,0.664965201,0.960670178,0.874461074,0.996188672,0.990946046
AMRB2,species,drcaps,k-fold,7,76,0.097464826,0.190892819,0.815202578,0.666481892,0.962423773,0.864814302,0.996619853,0.989090601
AMRB2,species,drcaps,k-fold,7,80,0.096876384,0.193631642,0.81670401,0.665126879,0.963112892,0.860325819,0.9966853,0.985810852
AMRB2,species,drcaps,k-fold,8,4,0.140202253,0.256397754,0.723867381,0.520533075,0.929925467,0.758807588,0.991838369,0.968673011
AMRB2,species,drcaps,k-fold,8,70,0.093607067,0.26141481,0.82412455,0.572015891,0.967980997,0.792667529,0.99724545,0.935090232
AMRB2,species,drcaps,k-fold,8,76,0.09275404,0.267856417,0.82599364,0.566295578,0.968677816,0.786723947,0.997262774,0.936830192
AMRB2,species,drcaps,k-fold,8,80,0.092598479,0.267222734,0.826266978,0.565587275,0.968596969,0.795377556,0.997307047,0.937184343
AMRB2,species,drcaps,k-fold,9,7,0.129229306,0.230636498,0.745938434,0.543144863,0.940354646,0.800197093,0.993104962,0.978566149
AMRB2,species,drcaps,k-fold,9,73,0.088953514,0.217402543,0.83395508,0.609294161,0.971630632,0.843903979,0.997041409,0.967125524
AMRB2,species,drcaps,k-fold,9,76,0.088434492,0.220235198,0.835136977,0.603081116,0.971936693,0.84396557,0.997008685,0.965485649
AMRB2,species,drcaps,k-fold,9,78,0.088098078,0.223158957,0.836122532,0.600640552,0.972140734,0.839869734,0.997051033,0.965716617
AMRB2,species,drcaps,k-fold,9,79,0.088067123,0.221629555,0.835985863,0.602411308,0.97211571,0.843888581,0.997097231,0.966625092
AMRB2,species,drcaps,leave-out,0,1,0.085384903,0.42341463,0.848845279,0.198846087,0.985516709,0.37972784,1,1
AMRB2,species,drcaps,leave-out,0,11,0.061375212,0.260660277,0.887548148,0.607370768,0.990709258,0.811520193,1,1
AMRB2,species,drcaps,leave-out,0,99,0.040359574,0.287406227,0.930026856,0.621933096,0.996039372,0.82768518,1,1
AMRB2,species,drcaps,leave-out,0,100,0.040130243,0.287519713,0.93033073,0.617919168,0.996004468,0.820181829,1,1
AMRB2,species,drcaps,leave-out,1,1,0.102419418,0.30938548,0.797470044,0.449316825,0.978613842,0.791728619,1,1
AMRB2,species,drcaps,leave-out,1,83,0.059122796,0.239198918,0.889933969,0.57473346,0.992497598,0.885435238,1,1
AMRB2,species,drcaps,leave-out,1,95,0.057398948,0.272432329,0.894019842,0.525202416,0.993035537,0.8765212,1,1
AMRB2,species,drcaps,leave-out,2,1,0.110395152,0.321768354,0.786063096,0.22272162,0.975855759,0.973934924,1,1
AMRB2,species,drcaps,leave-out,2,2,0.097268061,0.290969749,0.810515041,0.244413594,0.979301581,0.975531453,1,1
AMRB2,species,drcaps,leave-out,2,8,0.090853985,0.424906184,0.823549032,0.135965293,0.981023317,0.982206797,1,1
AMRB2,species,drcaps,leave-out,2,99,0.053896671,0.417855772,0.898098104,0.235892986,0.99299561,0.959045553,1,1
AMRB2,species,drcaps,leave-out,2,100,0.053792607,0.429184081,0.898631302,0.222999277,0.992950981,0.947887202,1,1
AMRB2,species,drcaps,leave-out,3,1,0.178915515,0.244437789,0.637927211,0.30968044,0.912381779,0.991154803,1,1
AMRB2,species,drcaps,leave-out,3,2,0.168440329,0.200137756,0.660012533,0.372878015,0.924056881,0.98994752,1,1
AMRB2,species,drcaps,leave-out,3,7,0.159086146,0.24568881,0.680726922,0.457141449,0.932592914,0.870574322,1,1
AMRB2,species,drcaps,leave-out,3,28,0.120551508,0.234417215,0.766376476,0.355434006,0.962496987,0.997905733,1,1
AMRB2,species,drcaps,leave-out,3,100,0.100653916,0.226190082,0.80887732,0.23916525,0.97474283,0.994678099,1,1
AMRB2,species,resnet,k-fold,0,5,0.489041932,0.999810019,0.849918384,0.54113544,0.977074286,0.810259608,0.997532262,0.964253819
AMRB2,species,resnet,k-fold,0,6,0.483861196,1.005576461,0.854062721,0.537293668,0.977994395,0.811391353,0.997626582,0.96868071
AMRB2,species,resnet,k-fold,0,21,0.447424684,1.046711601,0.882853645,0.546909645,0.985278265,0.813038926,0.99844467,0.961474501
AMRB2,species,resnet,k-fold,0,86,0.404756171,1.168466671,0.922096846,0.535715386,0.991967338,0.785838569,0.999274308,0.920808697
AMRB2,species,resnet,k-fold,0,100,0.400322717,1.199300255,0.926262358,0.528948017,0.992517863,0.781072924,0.999230035,0.914418576
AMRB2,species,resnet,k-fold,1,2,0.511371234,0.891483652,0.833564323,0.58924612,0.971311097,0.859124784,0.99679887,0.978111912
AMRB2,species,resnet,k-fold,1,4,0.496008045,0.929021164,0.844605624,0.59288002,0.974683544,0.863921224,0.997239675,0.983478073
AMRB2,species,resnet,k-fold,1,11,0.469748033,0.919070878,0.864842234,0.603504558,0.980510256,0.867262565,0.997996166,0.981191488
AMRB2,species,resnet,k-fold,1,98,0.404204674,1.040896545,0.923419261,0.596336844,0.991742123,0.846229059,0.999255059,0.950457317
AMRB2,species,resnet,k-fold,1,100,0.403575766,1.042589584,0.924262373,0.602118748,0.99204626,0.844142646,0.999214635,0.946792621
AMRB2,species,resnet,k-fold,2,5,0.501306704,0.939931478,0.837754858,0.574456455,0.976227325,0.903817135,0.998148234,0.981999877
AMRB2,species,resnet,k-fold,2,11,0.478465618,0.842530175,0.855654624,0.624815225,0.980772044,0.906280796,0.998589039,0.981137595
AMRB2,species,resnet,k-fold,2,18,0.46241882,0.863764688,0.868973097,0.626177938,0.983788383,0.908005358,0.99877768,0.97994426
AMRB2,species,resnet,k-fold,2,44,0.43201453,0.853782453,0.895989251,0.643539049,0.988660338,0.899074587,0.999131864,0.976933974
AMRB2,species,resnet,k-fold,2,97,0.406970511,0.925399066,0.920181558,0.629911924,0.991978888,0.881536401,0.999355154,0.963499322
AMRB2,species,resnet,k-fold,2,99,0.406685851,0.938710532,0.920618513,0.629242116,0.991967338,0.878202759,0.999299332,0.96213661
AMRB2,species,resnet,k-fold,2,100,0.406581568,0.919166917,0.920377899,0.637741747,0.992053959,0.881628788,0.999351304,0.963545516
AMRB2,species,resnet,k-fold,3,2,0.52052798,0.834624195,0.828850211,0.620996551,0.969420832,0.828575388,0.997143429,0.954622444
AMRB2,species,resnet,k-fold,3,3,0.510452893,0.834687144,0.836268826,0.626408906,0.971492039,0.818405087,0.997484139,0.951727642
AMRB2,species,resnet,k-fold,3,4,0.502816755,0.826776063,0.842085913,0.625038495,0.973176337,0.820198941,0.99757461,0.953752464
AMRB2,species,resnet,k-fold,3,95,0.405435828,1.031954369,0.924246974,0.600224809,0.991488035,0.793853166,0.999307031,0.905279933
AMRB2,species,resnet,k-fold,3,99,0.404270421,1.025781483,0.925030414,0.600009239,0.991643953,0.794884824,0.999287782,0.903462983
AMRB2,species,resnet,k-fold,3,100,0.403824986,1.03276027,0.925292202,0.59840016,0.991643953,0.792421163,0.999276233,0.905472407
AMRB2,species,resnet,k-fold,4,2,0.523869933,0.796693198,0.830496012,0.668144863,0.965176399,0.850463476,0.99634844,0.958179355
AMRB2,species,resnet,k-fold,4,15,0.468104582,0.818816447,0.872489913,0.675605137,0.978392852,0.862443028,0.998015415,0.954383777
AMRB2,species,resnet,k-fold,4,33,0.442363244,0.846512977,0.893885321,0.668568305,0.983497721,0.864575634,0.998469694,0.954822616
AMRB2,species,resnet,k-fold,4,99,0.408512049,0.936294339,0.923378838,0.663741069,0.989636268,0.839492486,0.998974021,0.925451158
AMRB2,species,resnet,k-fold,4,100,0.408659855,0.927184977,0.923301842,0.665704299,0.989676692,0.844989529,0.99900482,0.927945615
AMRB2,species,resnet,k-fold,5,1,0.572183901,0.654391012,0.794184453,0.743186438,0.949613477,0.948116839,0.993844128,0.997035908
AMRB2,species,resnet,k-fold,5,7,0.514963537,0.631807234,0.836182205,0.755042806,0.965584481,0.949433358,0.996504358,0.99367917
AMRB2,species,resnet,k-fold,5,9,0.507575473,0.634138592,0.84191652,0.756128357,0.967842404,0.950349532,0.996766146,0.992793792
AMRB2,species,resnet,k-fold,5,12,0.498499033,0.640068794,0.849021374,0.756559497,0.970208122,0.947231461,0.997026009,0.991916112
AMRB2,species,resnet,k-fold,5,96,0.429925284,0.705685718,0.907835166,0.738236019,0.985643999,0.926713784,0.998654486,0.980075142
AMRB2,species,resnet,k-fold,5,100,0.428595112,0.713733452,0.908841895,0.73655765,0.985815316,0.922540958,0.998592889,0.977126447
AMRB2,species,resnet,k-fold,6,1,0.578980529,0.959092911,0.783757199,0.615738174,0.948616373,0.835204176,0.994050094,0.975040034
AMRB2,species,resnet,k-fold,6,9,0.514830101,0.925370381,0.832095614,0.616046132,0.966962718,0.804385317,0.996958637,0.970197401
AMRB2,species,resnet,k-fold,6,99,0.434896909,1.023732683,0.901569574,0.604474624,0.985455357,0.825911555,0.998592889,0.941049212
AMRB2,species,resnet,k-fold,6,100,0.434708288,1.017055801,0.901792864,0.609340355,0.985310989,0.823324711,0.998644861,0.941403363
AMRB2,species,resnet,k-fold,7,6,0.514904941,0.826970086,0.830877144,0.674265521,0.96813499,0.872482446,0.997118405,0.98939086
AMRB2,species,resnet,k-fold,7,24,0.473238164,0.787169855,0.864896132,0.699749015,0.978593043,0.876532089,0.998311851,0.977018662
AMRB2,species,resnet,k-fold,7,30,0.465350234,0.791000498,0.872147279,0.699479552,0.980338939,0.887410692,0.998329176,0.978943397
AMRB2,species,resnet,k-fold,7,31,0.464376087,0.785929179,0.872543811,0.699618133,0.980367812,0.878549212,0.998340725,0.975209411
AMRB2,species,resnet,k-fold,7,93,0.428347665,0.868167029,0.906010348,0.67900037,0.987449567,0.871011949,0.998954772,0.961081855
AMRB2,species,resnet,k-fold,7,98,0.427113578,0.876466368,0.907094074,0.678530734,0.987590086,0.862697093,0.998943223,0.950049273
AMRB2,species,resnet,k-fold,7,100,0.426254336,0.868523565,0.907933336,0.676844666,0.987468816,0.869595344,0.9989028,0.957740515
AMRB2,species,resnet,k-fold,8,1,0.558231121,1.07071077,0.800719532,0.54767184,0.958789538,0.786007945,0.995513028,0.943397389
AMRB2,species,resnet,k-fold,8,14,0.482459081,1.091331837,0.856959715,0.564186068,0.977287952,0.797156011,0.998215606,0.938962799
AMRB2,species,resnet,k-fold,8,82,0.424540657,1.159376792,0.90818165,0.561252772,0.988358126,0.797872013,0.999049093,0.911385193
AMRB2,species,resnet,k-fold,8,97,0.419905301,1.223062753,0.912418384,0.560883222,0.989068419,0.779332964,0.99911069,0.887841833
AMRB2,species,resnet,k-fold,8,99,0.419152435,1.182036746,0.913190274,0.557526484,0.989432228,0.792351872,0.999085666,0.901800012
AMRB2,species,resnet,k-fold,8,100,0.418829976,1.222162192,0.913863993,0.552722345,0.989287859,0.789849717,0.999097216,0.903493779
AMRB2,species,resnet,k-fold,9,1,0.541218789,0.94848741,0.812559672,0.591286339,0.964317888,0.833333333,0.996080877,0.962952698
AMRB2,species,resnet,k-fold,9,48,0.427743738,1.006731391,0.90166582,0.594265829,0.989016446,0.839892831,0.999041393,0.942350333
AMRB2,species,resnet,k-fold,9,85,0.409972551,1.069283318,0.918318242,0.592849224,0.991520758,0.828282828,0.999262758,0.928230475
AMRB2,species,resnet,k-fold,9,96,0.406773315,1.050605149,0.921490499,0.603596945,0.991982737,0.831008253,0.999199236,0.925720621
AMRB2,species,resnet,k-fold,9,98,0.406427792,1.063409648,0.922154594,0.598307773,0.992032785,0.827697709,0.999210786,0.923872875
AMRB2,species,resnet,k-fold,9,99,0.406080336,1.037772536,0.922233515,0.601110187,0.992032785,0.836104952,0.999230035,0.931479428
AMRB2,species,resnet,k-fold,9,100,0.405892492,1.052067457,0.922089147,0.600224809,0.991846069,0.830754188,0.999247359,0.924288618
AMRB2,species,resnet,leave-out,0,1,0.355280369,1.135334177,0.914775667,0.403257766,0.993645338,0.707624279,1,1
AMRB2,species,resnet,leave-out,0,14,0.308134993,1.10487637,0.948671989,0.548159858,0.997478667,0.804453931,1,1
AMRB2,species,resnet,leave-out,0,91,0.269421545,1.255289595,0.981650528,0.486122443,0.999293698,0.777194184,1,1
AMRB2,species,resnet,leave-out,0,98,0.268056443,1.263160555,0.982818801,0.493152282,0.999215677,0.771876275,1,1
AMRB2,species,resnet,leave-out,0,100,0.268029248,1.27438117,0.98272846,0.480229034,0.999260847,0.773777609,1,1
AMRB2,species,resnet,leave-out,1,1,0.401540969,1.064915657,0.874514418,0.497332835,0.990243181,0.809570787,1,1
AMRB2,species,resnet,leave-out,1,8,0.356692516,1.065249859,0.908737198,0.508353827,0.994827983,0.869312456,1,1
AMRB2,species,resnet,leave-out,1,98,0.291884582,1.324111255,0.966142689,0.486607803,0.998644886,0.81542657,1,1
AMRB2,species,resnet,leave-out,1,100,0.291568295,1.267616599,0.966315158,0.497058015,0.998638727,0.809126847,1,1
AMRB2,species,resnet,leave-out,2,1,0.402024363,1.223983012,0.870505693,0.40940564,0.988894448,0.899430224,1,1
AMRB2,species,resnet,leave-out,2,16,0.339410746,1.090241039,0.918343187,0.455652928,0.995858907,0.908384671,1,1
AMRB2,species,resnet,leave-out,2,98,0.291552862,1.520657513,0.964729067,0.338036153,0.998849044,0.788378886,1,1
AMRB2,species,resnet,leave-out,2,100,0.291128393,1.45047961,0.964921676,0.354724512,0.998818508,0.814559653,1,1
AMRB2,species,resnet,leave-out,3,1,0.522995463,0.626778522,0.778967462,0.935841526,0.96608725,0.996920196,1,1
AMRB2,species,resnet,leave-out,3,3,0.491427319,0.647111885,0.80311786,0.941311257,0.972984334,0.997536157,1,1
AMRB2,species,resnet,leave-out,3,8,0.466947946,0.681296564,0.822048686,0.481853796,0.978111352,0.998497056,1,1
AMRB2,species,resnet,leave-out,3,98,0.386497433,0.942633464,0.896715353,0.398699091,0.991176669,0.985906817,1,1
AMRB2,species,resnet,leave-out,3,99,0.385978774,0.967878726,0.897750783,0.387266859,0.991124608,0.979131249,1,1
AMRB2,species,resnet,leave-out,3,100,0.385665946,0.996125614,0.897307303,0.355360091,0.991060979,0.981693646,1,1
AMRB2,strain,drcaps,k-fold,0,58,0.276270271,0.330575916,0.490745447,0.396249687,0.689469589,0.611671067,0.798566827,0.738547669
AMRB2,strain,drcaps,k-fold,0,82,0.270197198,0.331755873,0.505864951,0.398398504,0.702755768,0.615183372,0.808494723,0.741554087
AMRB2,strain,drcaps,k-fold,0,86,0.268853205,0.332180568,0.508907642,0.398596042,0.705675596,0.61561699,0.810518366,0.740942204
AMRB2,strain,drcaps,k-fold,0,92,0.26740015,0.334982797,0.512471904,0.395271638,0.708527968,0.613087552,0.812973237,0.739053557
AMRB2,strain,drcaps,k-fold,1,43,0.280520173,0.330799593,0.481068098,0.393831062,0.681947178,0.60856829,0.79358722,0.732963634
AMRB2,strain,drcaps,k-fold,1,68,0.270009063,0.334570537,0.506114292,0.39640868,0.705203412,0.612514213,0.810587025,0.73628322
AMRB2,strain,drcaps,k-fold,1,89,0.26509521,0.340831662,0.519266767,0.392342308,0.7153939,0.610403939,0.81775048,0.73537744
AMRB2,strain,drcaps,k-fold,1,90,0.265225179,0.345171498,0.519292062,0.386290929,0.715006035,0.606674825,0.817852867,0.732322843
AMRB2,strain,drcaps,k-fold,2,34,0.280332622,0.324471847,0.480429687,0.403009308,0.680672765,0.617707992,0.792706695,0.742715219
AMRB2,strain,drcaps,k-fold,2,70,0.268663916,0.325807676,0.508783574,0.408559618,0.706568167,0.624838598,0.811807234,0.748410068
AMRB2,strain,drcaps,k-fold,2,75,0.267322886,0.328077288,0.512440586,0.407465937,0.709257925,0.625426391,0.813748967,0.749561564
AMRB2,strain,drcaps,k-fold,2,92,0.262149678,0.333111902,0.525446105,0.403770549,0.720062733,0.622815048,0.820934104,0.746608144
AMRB2,strain,drcaps,k-fold,2,94,0.262196941,0.333894127,0.525499105,0.402503421,0.719809778,0.622511515,0.820936513,0.747422382
AMRB2,strain,drcaps,k-fold,3,93,0.262748421,0.326420923,0.523780213,0.407750198,0.719479731,0.62197672,0.820978672,0.744743587
AMRB2,strain,drcaps,k-fold,3,96,0.261728549,0.327523998,0.526253153,0.406801056,0.72143351,0.620068801,0.82258795,0.743741448
AMRB2,strain,drcaps,k-fold,4,29,0.286388134,0.333995673,0.468751581,0.383149608,0.66937891,0.589763726,0.782336729,0.716486153
AMRB2,strain,drcaps,k-fold,4,93,0.261458573,0.340217246,0.530171552,0.388935998,0.724331656,0.602743356,0.823712999,0.727374781
AMRB2,strain,drcaps,k-fold,4,94,0.261216044,0.340908154,0.530973782,0.387760412,0.725147136,0.601403958,0.823688908,0.726820713
AMRB2,strain,drcaps,k-fold,4,95,0.261036546,0.344095172,0.531062918,0.384831082,0.725104976,0.59980439,0.824435729,0.726642448
AMRB2,strain,drcaps,k-fold,5,80,0.268704182,0.331568252,0.509356939,0.398403322,0.706685008,0.610273854,0.810926708,0.735107634
AMRB2,strain,drcaps,k-fold,5,84,0.267607444,0.333805485,0.512104516,0.397174738,0.708814651,0.611097728,0.812118007,0.736133863
AMRB2,strain,drcaps,k-fold,5,93,0.265684582,0.339278879,0.517373215,0.391537705,0.713413621,0.605157162,0.81549195,0.73137852
AMRB2,strain,drcaps,k-fold,6,68,0.275948117,0.323791443,0.492508908,0.40734067,0.690572956,0.622511515,0.798518645,0.747513924
AMRB2,strain,drcaps,k-fold,6,94,0.268391565,0.324856424,0.510863831,0.410713253,0.706683803,0.626409258,0.810564139,0.751127407
AMRB2,strain,drcaps,k-fold,6,95,0.26797827,0.326420393,0.51189372,0.408998054,0.707661897,0.624886778,0.81065448,0.750814238
AMRB2,strain,drcaps,k-fold,7,52,0.279636654,0.326405987,0.482883354,0.399448823,0.682394066,0.615149646,0.792138147,0.74249841
AMRB2,strain,drcaps,k-fold,7,86,0.270160395,0.328566874,0.505980587,0.402055349,0.703200247,0.620858949,0.80780813,0.748299254
AMRB2,strain,drcaps,k-fold,7,91,0.268168594,0.32803474,0.510110987,0.403770549,0.706616349,0.621957448,0.81086889,0.748092081
AMRB2,strain,drcaps,k-fold,7,94,0.267370976,0.332578258,0.511914198,0.399126019,0.708632764,0.619572549,0.812179439,0.747114032
AMRB2,strain,drcaps,k-fold,8,50,0.276593701,0.337019256,0.491406745,0.387562875,0.68977434,0.607633602,0.798393372,0.73635549
AMRB2,strain,drcaps,k-fold,8,66,0.271035797,0.338244157,0.504330355,0.389851414,0.700960989,0.610721926,0.807087809,0.741192738
AMRB2,strain,drcaps,k-fold,8,91,0.263741195,0.345049446,0.522326322,0.386281293,0.716459926,0.60847193,0.81785648,0.738470581
AMRB2,strain,drcaps,k-fold,9,76,0.267041123,0.335098823,0.51399325,0.392221858,0.70999511,0.608515292,0.81362008,0.738277862
AMRB2,strain,drcaps,k-fold,9,93,0.261308943,0.343383366,0.5282515,0.385418875,0.721996035,0.603596138,0.82220129,0.732727553
AMRB2,strain,drcaps,k-fold,9,94,0.261099693,0.348787578,0.528887502,0.38069244,0.7224899,0.602285648,0.822078426,0.733970591
AMRB2,strain,drcaps,leave-out,0,78,0.259233634,0.723550011,0.526214394,0.006927873,0.725372384,0.028301645,0.82798711,0.057527006
AMRB2,strain,drcaps,leave-out,0,79,0.259338939,0.733149287,0.526405621,0.006106792,0.725245239,0.024324532,0.827888445,0.050214251
AMRB2,strain,drcaps,leave-out,1,3,0.320124559,0.561344263,0.395547255,0.149772481,0.591564238,0.341581798,0.714834548,0.420498375
AMRB2,strain,drcaps,leave-out,1,20,0.278089946,0.624028997,0.480736916,0.090877573,0.685046851,0.311809317,0.796702145,0.454821235
AMRB2,strain,drcaps,leave-out,1,81,0.252370531,0.639333786,0.54126336,0.080866739,0.739623893,0.272589382,0.838110961,0.40212351
AMRB2,strain,drcaps,leave-out,1,82,0.252319969,0.630679378,0.541813647,0.082773564,0.739858858,0.260888407,0.837977712,0.397009751
AMRB2,strain,drcaps,leave-out,2,1,0.361453099,0.568698183,0.311765352,0.017940453,0.490861783,0.050767665,0.614319252,0.086860633
AMRB2,strain,drcaps,leave-out,2,83,0.252729424,0.712628275,0.541403729,0.009245907,0.743146338,0.045466112,0.841887697,0.069810841
AMRB2,strain,drcaps,leave-out,3,17,0.311141907,0.567750525,0.415444034,0.104356235,0.609754212,0.375489032,0.731217018,0.597344938
AMRB2,strain,drcaps,leave-out,3,76,0.269477648,0.62172368,0.505131601,0.093059036,0.702315273,0.329465031,0.809051554,0.621785573
AMRB2,strain,drcaps,leave-out,3,79,0.276968148,0.628129122,0.489430631,0.085014726,0.687051684,0.331531056,0.796633995,0.638445646
AMRB2,strain,drcaps,leave-out,4,2,0.336186741,0.568021824,0.363096619,0.012596463,0.552931268,0.059452538,0.679443285,0.15866699
AMRB2,strain,drcaps,leave-out,4,3,0.324270756,0.583977255,0.387943942,0.013323182,0.579565752,0.048447936,0.70557834,0.131605357
AMRB2,strain,drcaps,leave-out,4,74,0.256826576,0.616918652,0.531628767,0.004983216,0.729098262,0.036093712,0.830013305,0.11001142
AMRB2,strain,drcaps,leave-out,5,7,0.303884167,0.602035625,0.427087529,0.088967972,0.628700957,0.128024911,0.750343802,0.154314947
AMRB2,strain,drcaps,leave-out,5,10,0.294505074,0.608595076,0.445648769,0.089546263,0.65009602,0.122375445,0.769281393,0.145373665
AMRB2,strain,drcaps,leave-out,5,85,0.256107594,0.642177226,0.529815161,0.06383452,0.730965778,0.103202847,0.833384192,0.129715302
AMRB2,strain,drcaps,leave-out,6,34,0.270499869,0.613991484,0.498152827,0.001883003,0.697572229,0.012113984,0.808052697,0.043309064
AMRB2,strain,drcaps,leave-out,7,71,0.264785622,0.579451307,0.514594293,0.068520894,0.714062519,0.217511645,0.818832619,0.337271316
AMRB2,strain,drcaps,leave-out,7,86,0.261005897,0.592230196,0.52464389,0.057314521,0.721990308,0.179774522,0.824013044,0.28130696
AMRB2,strain,drcaps,leave-out,8,1,0.35870449,0.588741981,0.317765612,0.004571984,0.496699297,0.009289883,0.619248437,0.017071984
AMRB2,strain,drcaps,leave-out,8,85,0.253067415,0.6724177,0.540243143,9.73E-05,0.741398847,0.000680934,0.839877777,0.001118677
AMRB2,strain,drcaps,leave-out,9,69,0.26521861,0.632076753,0.513354368,0.068161354,0.71441751,0.317365988,0.820834401,0.492976769
AMRB2,strain,drcaps,leave-out,9,70,0.264624598,0.624064294,0.51525952,0.072393301,0.715130543,0.32147788,0.821734593,0.490755748
AMRB2,strain,drcaps,leave-out,9,83,0.261384823,0.619434407,0.523131365,0.070712528,0.722003532,0.294975689,0.826482722,0.452338076
AMRB2,strain,drcaps,leave-out,10,81,0.267338366,0.609651191,0.507807764,4.85E-05,0.710754696,0.000194109,0.81610865,0.000485272
AMRB2,strain,drcaps,leave-out,10,83,0.267360146,0.611997084,0.507826073,4.85E-05,0.710929649,0.000145582,0.816082203,0.000485272
AMRB2,strain,drcaps,leave-out,11,7,0.296854402,0.622344211,0.442583031,0.004154637,0.64709945,0.037321315,0.765193404,0.09006408
AMRB2,strain,drcaps,leave-out,11,11,0.289688867,0.664272647,0.45725056,0.004788395,0.66285433,0.035349623,0.778443004,0.095908739
AMRB2,strain,drcaps,leave-out,11,73,0.257952602,0.678514642,0.528867162,0.003591296,0.730372771,0.020491515,0.831092517,0.060066193
AMRB2,strain,drcaps,leave-out,12,82,0.263230329,0.661012865,0.519913053,0.006038956,0.718290877,0.035524935,0.822214695,0.08681353
AMRB2,strain,drcaps,leave-out,12,83,0.263205507,0.668218644,0.520349417,0.006124011,0.718335632,0.037793088,0.822200455,0.092568966
AMRB2,strain,drcaps,leave-out,13,45,0.267491217,0.588557857,0.508123085,0.429201139,0.704642548,0.638919029,0.811203877,0.744744337
AMRB2,strain,drcaps,leave-out,13,82,0.256861619,0.597873738,0.532904293,0.342974366,0.726498387,0.552624441,0.82662004,0.670147837
AMRB2,strain,drcaps,leave-out,13,83,0.256981387,0.602821341,0.53284428,0.314898956,0.726419048,0.51315611,0.826733962,0.636070799
AMRB2,strain,drcaps,leave-out,14,38,0.275342363,0.587621745,0.490829234,0.368249864,0.688747299,0.558692298,0.799135206,0.708519244
AMRB2,strain,drcaps,leave-out,14,58,0.267010445,0.599939051,0.510149279,0.368416663,0.706692136,0.557733205,0.812644183,0.713439807
AMRB2,strain,drcaps,leave-out,14,65,0.264887167,0.600838121,0.515175095,0.377298695,0.710978473,0.549935365,0.815902165,0.691881073
AMRB2,strain,drcaps,leave-out,14,82,0.260142078,0.608646072,0.526955908,0.354322172,0.721130803,0.530378216,0.822900265,0.681706351
AMRB2,strain,drcaps,leave-out,15,15,0.291208066,0.594334004,0.45329245,0.006133509,0.658323284,0.014720422,0.776831254,0.029898568
AMRB2,strain,drcaps,leave-out,15,99,0.2507894,0.625623975,0.546468068,0.003002673,0.743201134,0.009612216,0.842293953,0.022831301
AMRB2,strain,drcaps,leave-out,15,100,0.25104489,0.622042173,0.54659066,0.003460398,0.743082818,0.010051631,0.842120043,0.025705811
AMRB2,strain,drcaps,leave-out,16,49,0.265426692,0.60930769,0.50972207,0.549927151,0.712317063,0.626164741,0.818695302,0.682207841
AMRB2,strain,drcaps,leave-out,16,86,0.254067713,0.600611154,0.537194698,0.471385491,0.735196171,0.550909769,0.834506125,0.606647918
AMRB2,strain,drcaps,leave-out,17,2,0.347783468,0.004467392,0.342357627,0.997764492,0.523199515,0.999584091,0.654366082,0.999740057
AMRB2,strain,drcaps,leave-out,17,35,0.285291724,0.002472795,0.471966914,0.99745256,0.668875951,0.998856252,0.785405503,0.999324149
AMRB2,strain,drcaps,leave-out,17,41,0.288140932,0.002521627,0.46708757,0.998076423,0.663240853,0.999064206,0.780271868,0.999532103
AMRB2,strain,drcaps,leave-out,17,85,0.26951444,0.003043386,0.511036248,0.997296595,0.703139177,0.99854432,0.810448123,0.999116194
AMRB2,strain,drcaps,leave-out,18,58,0.270423554,0.229799471,0.503532616,0.648791682,0.694347814,0.678297115,0.80461366,0.700074934
AMRB2,strain,drcaps,leave-out,18,85,0.262419387,0.294621097,0.523091695,0.552407269,0.711697609,0.586174597,0.817299751,0.61474335
AMRB2,strain,resnet,k-fold,0,26,1.274548973,1.54303595,0.562392042,0.438190175,0.759459928,0.659070323,0.856797151,0.781013317
AMRB2,strain,resnet,k-fold,0,30,1.268208689,1.553302595,0.565964736,0.438146813,0.762262915,0.659099231,0.859224318,0.782612885
AMRB2,strain,resnet,k-fold,0,96,1.220306898,1.555667755,0.595908628,0.441466399,0.786232242,0.661739482,0.875253256,0.781514386
AMRB2,strain,resnet,k-fold,0,100,1.218790359,1.567233357,0.596530175,0.438985141,0.786977858,0.659422035,0.87599285,0.780377344
AMRB2,strain,resnet,k-fold,1,13,1.308354583,1.513595951,0.542991571,0.45206113,0.742752829,0.661392588,0.845233478,0.779042764
AMRB2,strain,resnet,k-fold,1,39,1.251417912,1.530891329,0.575933586,0.456720114,0.770916397,0.670016767,0.865914385,0.787286323
AMRB2,strain,resnet,k-fold,1,62,1.232207584,1.545673236,0.58766951,0.454147314,0.780201063,0.670609378,0.872854999,0.787719941
AMRB2,strain,resnet,k-fold,1,68,1.228704144,1.549060394,0.589819631,0.453578793,0.781811546,0.670064946,0.873824661,0.78836555
AMRB2,strain,resnet,k-fold,1,96,1.216552897,1.565653324,0.59751911,0.451617877,0.78809568,0.666090115,0.877576832,0.784699069
AMRB2,strain,resnet,k-fold,1,97,1.216383503,1.574582843,0.598176794,0.44806221,0.787888497,0.665685405,0.877338331,0.784882152
AMRB2,strain,resnet,k-fold,1,100,1.215876245,1.573706098,0.598062362,0.449907495,0.788089657,0.665699859,0.877826174,0.784222089
AMRB2,strain,resnet,k-fold,2,41,1.256421887,1.559389289,0.572674075,0.451796142,0.767717114,0.671187535,0.863553469,0.788866619
AMRB2,strain,resnet,k-fold,2,78,1.229551715,1.566155917,0.589844926,0.454407485,0.781138203,0.673673611,0.872789953,0.790071113
AMRB2,strain,resnet,k-fold,2,95,1.222577805,1.560877578,0.593668166,0.454662838,0.784027917,0.672671472,0.874646164,0.789020794
AMRB2,strain,resnet,k-fold,2,98,1.221377233,1.575855259,0.594653487,0.452653742,0.785044556,0.671322438,0.875113529,0.788129469
AMRB2,strain,resnet,k-fold,2,100,1.220936376,1.569691465,0.595493058,0.452355027,0.784861465,0.670720191,0.875438757,0.788953343
AMRB2,strain,resnet,k-fold,3,39,1.254261025,1.541793917,0.575014515,0.450365203,0.768710867,0.66724643,0.863811242,0.788437819
AMRB2,strain,resnet,k-fold,3,66,1.232352101,1.55918111,0.58908606,0.448254929,0.779316924,0.66926998,0.871263789,0.789314691
AMRB2,strain,resnet,k-fold,3,97,1.21823446,1.564592084,0.597258928,0.449343792,0.786159969,0.667998034,0.876209669,0.78660217
AMRB2,strain,resnet,k-fold,3,99,1.217632344,1.553284522,0.597621497,0.451959953,0.786194901,0.669419337,0.876033804,0.786794889
AMRB2,strain,resnet,k-fold,3,100,1.217441429,1.56358111,0.598016589,0.447724951,0.786428583,0.665834763,0.875937441,0.784544894
AMRB2,strain,resnet,k-fold,4,16,1.295388279,1.543284377,0.55091871,0.437771011,0.749075508,0.654787142,0.849291605,0.774292239
AMRB2,strain,resnet,k-fold,4,27,1.268731985,1.570950576,0.566950057,0.439211586,0.762812189,0.658174179,0.859230341,0.777809362
AMRB2,strain,resnet,k-fold,4,28,1.266870691,1.554778472,0.568077515,0.44008364,0.764129966,0.657321398,0.859957889,0.776339879
AMRB2,strain,resnet,k-fold,4,68,1.226218123,1.599286753,0.592585276,0.435887182,0.78365812,0.657557478,0.873947525,0.778666962
AMRB2,strain,resnet,k-fold,4,98,1.212378624,1.619461516,0.601814533,0.433063848,0.789868776,0.655129218,0.87834413,0.775419646
AMRB2,strain,resnet,k-fold,4,100,1.212238772,1.625446474,0.601176122,0.43301085,0.790379505,0.654223438,0.878418812,0.774701767
AMRB2,strain,resnet,k-fold,5,30,1.25998726,1.553556625,0.572782485,0.446814354,0.76712568,0.667328335,0.862572966,0.787469406
AMRB2,strain,resnet,k-fold,5,56,1.23275057,1.55455286,0.589159538,0.446949257,0.780561224,0.667858313,0.87198411,0.787681397
AMRB2,strain,resnet,k-fold,5,99,1.211808823,1.595733705,0.601757919,0.442444449,0.789990436,0.662399545,0.878588654,0.782463528
AMRB2,strain,resnet,k-fold,5,100,1.211449083,1.596346643,0.60217108,0.441663936,0.790144618,0.662794619,0.878548903,0.782555069
AMRB2,strain,resnet,k-fold,6,21,1.281562862,1.534707427,0.559452942,0.446462641,0.754947686,0.667978762,0.852766729,0.790157837
AMRB2,strain,resnet,k-fold,6,39,1.252538252,1.535269049,0.576433474,0.451617877,0.768930095,0.673996415,0.86336315,0.794619283
AMRB2,strain,resnet,k-fold,6,50,1.242264983,1.54418134,0.583169314,0.451405886,0.774403567,0.674232496,0.86686357,0.793670142
AMRB2,strain,resnet,k-fold,6,66,1.231112617,1.550645775,0.58963413,0.450924088,0.779516879,0.673822968,0.870821719,0.794922816
AMRB2,strain,resnet,k-fold,6,100,1.216125369,1.557467194,0.599424707,0.449965311,0.786947744,0.671500703,0.875760372,0.791800767
AMRB2,strain,resnet,k-fold,7,31,1.265773779,1.542014562,0.569557906,0.449064349,0.763407236,0.669732506,0.858876204,0.791718861
AMRB2,strain,resnet,k-fold,7,62,1.236678926,1.552415905,0.586785371,0.448630731,0.777349895,0.670440749,0.868983577,0.791044345
AMRB2,strain,resnet,k-fold,7,100,1.219652488,1.597603079,0.597715452,0.437857735,0.785593831,0.661739482,0.874671459,0.784496714
AMRB2,strain,resnet,k-fold,8,10,1.323246593,1.56038293,0.535958207,0.432235156,0.733951187,0.65764902,0.837667703,0.781817919
AMRB2,strain,resnet,k-fold,8,32,1.25968404,1.565699756,0.572563257,0.44044017,0.765615175,0.667477693,0.861561144,0.790514367
AMRB2,strain,resnet,k-fold,8,34,1.257012414,1.561887727,0.574138807,0.441037599,0.766837793,0.667058529,0.861970691,0.791025073
AMRB2,strain,resnet,k-fold,8,62,1.23224464,1.566949275,0.589365516,0.443957293,0.778843536,0.666885082,0.870584423,0.788336642
AMRB2,strain,resnet,k-fold,8,99,1.214964993,1.592725899,0.599982414,0.437269942,0.787248882,0.663825666,0.875963941,0.787479042
AMRB2,strain,resnet,k-fold,8,100,1.214955298,1.59143113,0.599753549,0.439438031,0.78697304,0.664384552,0.876160282,0.786144462
AMRB2,strain,resnet,k-fold,9,30,1.266966716,1.570963231,0.567392127,0.435198212,0.762853144,0.659662934,0.859331523,0.784289541
AMRB2,strain,resnet,k-fold,9,42,1.250953407,1.581609793,0.5774465,0.43591609,0.770510464,0.660771069,0.864725495,0.784891788
AMRB2,strain,resnet,k-fold,9,48,1.244889026,1.585760819,0.580843329,0.43505849,0.77331345,0.660491626,0.866917775,0.78531577
AMRB2,strain,resnet,k-fold,9,99,1.216755026,1.598056777,0.598311704,0.432967488,0.786929676,0.657210584,0.876438533,0.783205496
AMRB2,strain,resnet,k-fold,9,100,1.216392243,1.612366832,0.598344226,0.431974985,0.787106745,0.656425254,0.876391556,0.782400894
AMRB2,strain,resnet,leave-out,0,4,1.340011009,3.769472493,0.51673441,0.009647705,0.720795139,0.043286378,0.82874083,0.078233649
AMRB2,strain,resnet,leave-out,0,99,1.192845863,3.81770509,0.602210911,0.006671285,0.793575378,0.024504144,0.882094222,0.0483155
AMRB2,strain,resnet,leave-out,0,100,1.192741549,3.845702431,0.602530301,0.007774613,0.793246834,0.028686527,0.881902995,0.053498576
AMRB2,strain,resnet,leave-out,1,1,1.448806457,2.903880817,0.46036207,0.146608884,0.663810465,0.377811484,0.780009439,0.498938245
AMRB2,strain,resnet,leave-out,1,2,1.373706739,3.091894888,0.498193514,0.136684724,0.703133074,0.401430119,0.813709156,0.541755146
AMRB2,strain,resnet,leave-out,1,99,1.17470612,3.677037661,0.611587145,0.077139762,0.802365724,0.318049837,0.888979417,0.444290358
AMRB2,strain,resnet,leave-out,1,100,1.174058127,3.548236046,0.61229204,0.090097508,0.803021796,0.324203684,0.888977382,0.460065005
AMRB2,strain,resnet,leave-out,2,87,1.163006027,4.097836774,0.620432417,0.005556027,0.812782518,0.024217491,0.895908349,0.039910086
AMRB2,strain,resnet,leave-out,2,99,1.158611431,4.14684517,0.623042465,0.004919841,0.814966373,0.027864959,0.897089279,0.044236152
AMRB2,strain,resnet,leave-out,2,100,1.15875974,4.125032137,0.6229794,0.005047078,0.814862622,0.025362626,0.897102502,0.041267283
AMRB2,strain,resnet,leave-out,3,1,1.462430334,2.816274574,0.454469629,0.118730494,0.654268434,0.422655941,0.772197607,0.646094334
AMRB2,strain,resnet,leave-out,3,28,1.224743326,3.522638421,0.583659844,0.098333993,0.776113695,0.402523188,0.869896371,0.699459317
AMRB2,strain,resnet,leave-out,3,100,1.177008063,3.498463681,0.613238005,0.103740824,0.798923635,0.375269243,0.885393908,0.652644072
AMRB2,strain,resnet,leave-out,4,2,1.375485811,2.992194193,0.498411187,0.010001038,0.700873949,0.050385853,0.811724665,0.146658823
AMRB2,strain,resnet,leave-out,4,12,1.260599928,3.161789983,0.561397138,0.014465169,0.759005985,0.055888154,0.857718864,0.124476589
AMRB2,strain,resnet,leave-out,4,16,1.246017221,3.261386704,0.569411387,0.01270028,0.766137334,0.062740077,0.862631774,0.138976364
AMRB2,strain,resnet,leave-out,4,100,1.169840135,3.408709326,0.615109589,0.00750943,0.803040105,0.038273869,0.888859391,0.090216978
AMRB2,strain,resnet,leave-out,5,100,1.180803902,3.549435204,0.607892799,0.066548043,0.798283838,0.113701068,0.886365301,0.154626335
AMRB2,strain,resnet,leave-out,6,1,1.455791461,3.13710883,0.457661495,0.004519207,0.656445169,0.031446146,0.775331494,0.078081848
AMRB2,strain,resnet,leave-out,6,98,1.17410134,3.40902962,0.614587783,0.003577705,0.799913337,0.023098167,0.886887107,0.059565654
AMRB2,strain,resnet,leave-out,6,100,1.173456965,3.426192997,0.614803423,0.003389405,0.799769917,0.0226588,0.886869815,0.058059252
AMRB2,strain,resnet,leave-out,7,1,1.481397426,2.929091244,0.442599306,0.120704786,0.644704025,0.34138932,0.764835362,0.458111119
AMRB2,strain,resnet,leave-out,7,6,1.332286361,3.068260178,0.521440836,0.107473165,0.724621716,0.356173631,0.831496332,0.463781813
AMRB2,strain,resnet,leave-out,7,100,1.200968954,3.229643352,0.59898141,0.059137244,0.789758972,0.211570917,0.87899797,0.320866806
AMRB2,strain,resnet,leave-out,8,34,1.203947722,3.99092464,0.59669177,0.000243191,0.793995468,0.000972763,0.88229969,0.001702335
AMRB2,strain,resnet,leave-out,8,92,1.164544966,3.846108118,0.620629748,0.000437743,0.812102034,0.000875486,0.894470077,0.001945525
AMRB2,strain,resnet,leave-out,8,99,1.161973541,3.847621619,0.622497264,0.000145914,0.813503688,0.000535019,0.895435367,0.001361868
AMRB2,strain,resnet,leave-out,8,100,1.161797133,3.870456441,0.62259898,0.000194553,0.813437572,0.000632296,0.895498432,0.001507782
AMRB2,strain,resnet,leave-out,9,1,1.475528587,3.204142016,0.444684496,0.050843388,0.64880422,0.321778018,0.770529455,0.53406567
AMRB2,strain,resnet,leave-out,9,53,1.211325063,3.638834048,0.591138046,0.094513476,0.784881663,0.340596674,0.877642088,0.525091542
AMRB2,strain,resnet,leave-out,9,98,1.190815754,3.655483,0.604181161,0.087490246,0.794230433,0.304460052,0.884028871,0.475088541
AMRB2,strain,resnet,leave-out,9,99,1.190581387,3.687482107,0.60367563,0.093493007,0.794551857,0.316135422,0.88422315,0.489135002
AMRB2,strain,resnet,leave-out,9,100,1.190549338,3.670112908,0.604161835,0.097334774,0.794490827,0.318776637,0.8840543,0.487724353
AMRB2,strain,resnet,leave-out,10,71,1.225320318,3.285911368,0.584406443,0.000145582,0.781087635,0.000776435,0.873328288,0.001601398
AMRB2,strain,resnet,leave-out,10,93,1.217228294,3.361792754,0.58967231,0.000194109,0.784604994,0.000630854,0.875634203,0.001407289
AMRB2,strain,resnet,leave-out,10,98,1.215237465,3.359895186,0.591345547,0,0.78565776,0.000630854,0.876093962,0.002232251
AMRB2,strain,resnet,leave-out,10,99,1.214984982,3.363593258,0.590838999,9.71E-05,0.785776769,0.000582326,0.876313669,0.001310234
AMRB2,strain,resnet,leave-out,10,100,1.214758509,3.390298135,0.591617131,0.000145582,0.785610971,0.000485272,0.876231279,0.001261707
AMRB2,strain,resnet,leave-out,11,100,1.173974148,3.823582619,0.614788165,0.00464756,0.806487279,0.034786283,0.889922329,0.093021618
AMRB2,strain,resnet,leave-out,12,25,1.246010467,3.393762735,0.569386975,0.010802075,0.766961238,0.046298659,0.864550148,0.124861784
AMRB2,strain,resnet,leave-out,12,66,1.206991833,3.42885843,0.593105244,0.007910181,0.78568319,0.056533696,0.877440689,0.153327096
AMRB2,strain,resnet,leave-out,12,68,1.206151317,3.400744901,0.593475492,0.006350826,0.786112433,0.056391937,0.877723461,0.156020527
AMRB2,strain,resnet,leave-out,12,97,1.194402588,3.471997107,0.600772639,0.006974568,0.791661072,0.034731082,0.881632429,0.0967934
AMRB2,strain,resnet,leave-out,12,100,1.193658796,3.5548899,0.601075754,0.006832809,0.791612248,0.038133311,0.881588691,0.11391795
AMRB2,strain,resnet,leave-out,13,81,1.186324218,3.171202123,0.609772521,0.420046114,0.794423694,0.607317239,0.881048576,0.718466025
AMRB2,strain,resnet,leave-out,13,98,1.180687506,3.119030471,0.612926752,0.363115421,0.796866926,0.548589448,0.882946607,0.666011122
AMRB2,strain,resnet,leave-out,13,99,1.180250509,3.130666771,0.612942009,0.368777974,0.796770296,0.554726706,0.88302086,0.673063882
AMRB2,strain,resnet,leave-out,14,58,1.210458338,3.274654262,0.595516944,0.456194487,0.783801433,0.661565406,0.873963,0.797297861
AMRB2,strain,resnet,leave-out,14,66,1.205836454,3.251120004,0.598427055,0.462616238,0.785773717,0.661815604,0.875358551,0.795838372
AMRB2,strain,resnet,leave-out,14,99,1.193279393,3.343954549,0.605943909,0.451440724,0.79169769,0.639339477,0.879530965,0.778533005
AMRB2,strain,resnet,leave-out,14,100,1.192923426,3.34033463,0.606336535,0.423251741,0.791983514,0.61165089,0.879257347,0.753513198
AMRB2,strain,resnet,leave-out,15,1,1.458532194,3.277527539,0.453590377,0.006975722,0.657493649,0.015434472,0.777151988,0.032681534
AMRB2,strain,resnet,leave-out,15,100,1.164792297,3.540549221,0.618890001,0.002123842,0.806696659,0.007891171,0.892312912,0.015928815
AMRB2,strain,resnet,leave-out,16,2,1.378480332,3.2511768,0.494368971,0.506590316,0.700853605,0.586690611,0.813496568,0.654423474
AMRB2,strain,resnet,leave-out,16,16,1.247947543,3.268056688,0.567297716,0.495137736,0.765874905,0.609494121,0.863247159,0.690102667
AMRB2,strain,resnet,leave-out,16,99,1.175326435,3.281807788,0.611437621,0.445532477,0.799879771,0.550503168,0.886747755,0.634500051
AMRB2,strain,resnet,leave-out,16,100,1.174836918,3.28930014,0.611430501,0.460000678,0.800121856,0.565310202,0.886862695,0.647612916
AMRB2,strain,resnet,leave-out,17,35,1.265355336,0.48615034,0.564736493,0.996672732,0.756952327,0.998284377,0.857407611,0.99890824
AMRB2,strain,resnet,leave-out,17,56,1.246436647,0.489574442,0.576258946,0.996880686,0.766391625,0.998232389,0.863774051,0.99890824
AMRB2,strain,resnet,leave-out,17,100,1.226175283,0.490374289,0.588251329,0.995580972,0.776316111,0.998024435,0.870630765,0.998648297
AMRB2,strain,resnet,leave-out,18,1,1.483566269,1.905486021,0.444726199,0.515970401,0.63779747,0.551002248,0.760738218,0.581116523
AMRB2,strain,resnet,leave-out,18,98,1.198926413,1.97194894,0.601754204,0.498032971,0.785956807,0.534750843,0.877987924,0.558589359
AMRB2,strain,resnet,leave-out,18,99,1.198884317,1.951883952,0.60178777,0.497939303,0.785534683,0.529599101,0.877578006,0.552922443
AMRB2,strain,resnet,leave-out,18,100,1.198608133,1.973968675,0.601768444,0.490961034,0.786101245,0.524728363,0.877678706,0.551938928