model_name,dataset_name,ood,train_acc,val_acc,test_acc,knn_f_l2.kld,knn_f_l2.emd,knn_f_l2.auc,knn_f_ip.kld,knn_f_ip.emd,knn_f_ip.auc,knn_l_l2.kld,knn_l_l2.emd,knn_l_l2.auc,knn_l_ip.kld,knn_l_ip.emd,knn_l_ip.auc,rcn_l2.kld,rcn_l2.emd,rcn_l2.auc,rcn_ip.kld,rcn_ip.emd,rcn_ip.auc,knn_u_l2.kld,knn_u_l2.emd,knn_u_l2.auc,knn_u_ip.kld,knn_u_ip.emd,knn_u_ip.auc,knn_v_l2.kld,knn_v_l2.emd,knn_v_l2.auc,knn_v_ip.kld,knn_v_ip.emd,knn_v_ip.auc,knn_f_fp_l2.kld,knn_f_fp_l2.emd,knn_f_fp_l2.auc,knn_f_fp_ip.kld,knn_f_fp_ip.emd,knn_f_fp_ip.auc,knn_l_fp_l2.kld,knn_l_fp_l2.emd,knn_l_fp_l2.auc,knn_l_fp_ip.kld,knn_l_fp_ip.emd,knn_l_fp_ip.auc,emb_l2.kld,emb_l2.emd,emb_l2.auc,lgt_l2.kld,lgt_l2.emd,lgt_l2.auc,emb_ip.kld,emb_ip.emd,emb_ip.auc,lgt_ip.kld,lgt_ip.emd,lgt_ip.auc
flow_ss_vcr_mse,CIFAR10,A,,,,,,,,,,,,,,,,0.09422674926964947,0.000559764685295522,0.5579654033333333,0.08565071891351926,0.0010483960270881653,0.53192343,0.04372117675290584,26.77800869140625,0.5502628133333334,0.05998883492889874,72.96074758504231,0.5326648333333334,0.05095055883691382,0.4244968728661533,0.5574516433333333,0.03888441174041117,0.05514172193209326,0.5444006333333333,,,,,,,,,,,,,,,,,,,,,,,,
flow_ss_vcr_mse,CIFAR10,B,,,,,,,,,,,,,,,,0.08353970741454812,0.0007640010792839649,0.5623020333333333,0.039747514438975395,0.001370830629269282,0.5450570866666666,0.11433992851017259,49.08285811920165,0.59366141,0.03388262045085763,39.05870929565429,0.5195798766666667,0.060349241315101144,0.8758605273644128,0.5686394533333334,0.03775992977422697,0.1355430193106334,0.5191588066666667,,,,,,,,,,,,,,,,,,,,,,,,
flow_ss_vcr_mse,CIFAR10,Full,,,,,,,,,,,,,,,,,,,,,,,,,,,,,,,,,,,,,,,,,,,,,,,,,,,,,,,,,
flow_ss_vcr_mse,MNIST,A,,,,,,,,,,,,,,,,0.20432079610597245,0.0013938426417682455,0.6656804398028447,0.30955141866453606,0.009183383744642639,0.6969554654802992,1.3997572383148553,68.45587288608856,0.8653411056559425,0.524275027924803,27.98839197872543,0.7517556649071125,0.5479982306322548,0.25726446104469664,0.7432802930276576,0.15777892035226554,0.03451853476766456,0.5740639246352935,,,,,,,,,,,,,,,,,,,,,,,,
flow_ss_vcr_mse,MNIST,B,,,,,,,,,,,,,,,,0.889776928688609,0.0024332942157538925,0.7793090760642265,0.5963934356421584,0.01737091785017346,0.7689469491177514,1.4588078803486981,90.64409424995983,0.8614983312163501,1.0705247943587084,65.2503935029047,0.8388750733405292,0.8188354623591504,0.3545468787781444,0.7684170431194182,0.1973986403613863,0.10197129782638617,0.6680675442457453,,,,,,,,,,,,,,,,,,,,,,,,
flow_ss_vcr_mse,MNIST,Full,,,,,,,,,,,,,,,,,,,,,,,,,,,,,,,,,,,,,,,,,,,,,,,,,,,,,,,,,
flow_ss_vcr_mse,QPM2_species,A,,,,,,,,,,,,,,,,0.6135780919099078,0.00019008517361402707,0.6245837092811558,0.42886052076446984,0.023158757651981575,0.5681089782425832,0.7264343073600033,8.407185005303289,0.6397667500303196,0.06829727647381101,8.783170871182476,0.5280501114744253,0.8228362085996945,0.37049749629769135,0.604218762104024,0.012775040556488376,2.917516256795305,0.5711466976607724,,,,,,,,,,,,,,,,,,,,,,,,
flow_ss_vcr_mse,QPM2_species,B,,,,,,,,,,,,,,,,0.02697960238994654,0.00011761846931138889,0.5072984477867946,0.873897589320306,0.03145012048305254,0.6127983217937016,0.34951694213166773,2.8694715812862808,0.5189434820765494,0.04147664636878664,5.862815503963847,0.5285079890786294,0.17389523125189504,0.3059326384268435,0.539799550352576,0.014431265256100275,2.265441547411743,0.5568632314914008,,,,,,,,,,,,,,,,,,,,,,,,
flow_ss_vcr_mse,QPM2_species,Full,,,,,,,,,,,,,,,,,,,,,,,,,,,,,,,,,,,,,,,,,,,,,,,,,,,,,,,,,
flow_ss_vcr_mse,QPM_species,A,,,,,,,,,,,,,,,,0.7023111363436233,0.00045336803308358904,0.6890034087685508,1.5266157077394937,0.03601732654734523,0.7564013945499517,0.20456582955392436,4.829553308161333,0.5100644832382772,0.1523049407807617,11.287279314899276,0.6086711969166492,0.15266300952826728,1.0022976951597729,0.6163856683817821,0.03826377385336131,5.589458487147575,0.6972046694281455,,,,,,,,,,,,,,,,,,,,,,,,
flow_ss_vcr_mse,QPM_species,B,,,,,,,,,,,,,,,,1.2834536411759252,0.0007320250104050556,0.7171794244316543,0.5019093837370041,0.03267517554588982,0.7335034743217923,0.7227843506148542,25.382993047300367,0.6225093559172414,0.13841095040849707,9.549702930971575,0.5474310361238018,1.6828114210593015,2.8207506351491016,0.7244411566733355,0.23976475449799556,4.430406675629915,0.6960350728504135,,,,,,,,,,,,,,,,,,,,,,,,
flow_ss_vcr_mse,QPM_species,Full,,,,,,,,,,,,,,,,,,,,,,,,,,,,,,,,,,,,,,,,,,,,,,,,,,,,,,,,,
flow_ss_vcr_mse,rbc_phase,A,,,,,,,,,,,,,,,,0.3388946336318027,0.0011116147265606271,0.648967003567182,0.08709657585883664,0.002368850285908997,0.5059343743442679,0.17338166307783484,21.915278589507864,0.5809588550045464,0.25364899159885523,29.56244364036266,0.5538924249842624,0.18102747793142593,5.8407097567575565,0.6686149192138211,0.14556662396837133,2.3435957916874393,0.5638988948730503,,,,,,,,,,,,,,,,,,,,,,,,
flow_ss_vcr_mse,rbc_phase,B,,,,,,,,,,,,,,,,0.565719087109177,0.0035180504637906487,0.7058845387144157,0.43259481744823114,0.009444309190731744,0.6264863258026159,0.7762827397741737,55.262447443259894,0.7091085542421487,0.4634534073703147,14.465890857317387,0.5272762642512415,0.42391731841596425,25.904943918994405,0.6908879485206687,0.523944613661929,8.101926107813453,0.575994963978457,,,,,,,,,,,,,,,,,,,,,,,,
flow_ss_vcr_mse,rbc_phase,Full,,,,,,,,,,,,,,,,,,,,,,,,,,,,,,,,,,,,,,,,,,,,,,,,,,,,,,,,,
resnet50_vicreg_ce,CIFAR10,A,0.9996500015258789,0.9577999711036682,0.9485999941825867,0.3851251885977774,44.31296478509107,0.63971791,0.7315893183340724,1921.0863238962174,0.8272962266666667,0.0916036632059561,0.5583536590823288,0.5742135866666667,0.7091232645848388,687.1182208507539,0.8141828966666667,,,,,,,,,,,,,,,,,,,,,,,,,,,,,,,,,,,,,,,,,,
resnet50_vicreg_ce,CIFAR10,B,0.9991000294685364,0.9300000071525574,0.9246000051498413,0.25535037039336855,13.083304374647115,0.5011284466666667,0.3460584314851183,908.2986943101247,0.7267493233333333,0.21097274878447883,0.8251725194442079,0.61171199,0.25903063028287576,199.547526510938,0.6928473666666667,,,,,,,,,,,,,,,,,,,,,,,,,,,,,,,,,,,,,,,,,,
resnet50_vicreg_ce,CIFAR10,Full,0.9999250173568726,0.8847000002861023,0.8812000155448914,,,,,,,,,,,,,,,,,,,,,,,,,,,,,,,,,,,,,,,,,,,,,,,,,,,,,,
resnet50_vicreg_ce,MNIST,A,1.0,0.9971093535423279,0.9983542561531067,2.241730419428231,6.937306347120858,0.9074278198217138,1.0789882580112256,8692.287640920646,0.970770676521298,1.8783218474543533,14.541397511643243,0.9307111737360609,0.47732208197486137,50815.15433672238,0.8479308834860557,,,,,,,,,,,,,,,,,,,,,,,,,,,,,,,,,,,,,,,,,,
resnet50_vicreg_ce,MNIST,B,0.9998774528503418,0.9986928105354309,0.998637855052948,2.206895770407272,9.245053486177689,0.9276704719550899,1.5923964613471777,8537.505258184516,0.8354766358505118,2.297985884587698,9.220137029313856,0.9581899283388884,2.3547328314590374,2882.9305477616863,0.7424921687520322,,,,,,,,,,,,,,,,,,,,,,,,,,,,,,,,,,,,,,,,,,
resnet50_vicreg_ce,MNIST,Full,0.9997708201408386,0.9943333268165588,0.9944000244140625,,,,,,,,,,,,,,,,,,,,,,,,,,,,,,,,,,,,,,,,,,,,,,,,,,,,,,
resnet50_vicreg_ce,QPM2_species,A,0.9909144639968872,0.974206805229187,0.9366580843925476,0.17630961722804844,0.49335879091206264,0.5074860832645821,0.33828515920346514,599.7759936931276,0.7164085255265816,0.12486949163803791,0.0025859883800500114,0.636223163911019,0.30369054531676626,271.77344066022357,0.663236126099735,,,,,,,,,,,,,,,,,,,,,,,,,,,,,,,,,,,,,,,,,,
resnet50_vicreg_ce,QPM2_species,B,0.8908283114433289,0.8331443667411804,0.6110275387763977,0.11486849010290306,1.0469679981967623,0.5132546401651366,0.0637336397859627,63.32921865300588,0.5429604967798178,0.02048539874912442,0.00013226262922153787,0.5192139946074634,0.059156325627038375,3.2483108909961684,0.5520419077493903,,,,,,,,,,,,,,,,,,,,,,,,,,,,,,,,,,,,,,,,,,
resnet50_vicreg_ce,QPM2_species,Full,0.9139721989631653,0.8005882501602173,0.5441387295722961,,,,,,,,,,,,,,,,,,,,,,,,,,,,,,,,,,,,,,,,,,,,,,,,,,,,,,
resnet50_vicreg_ce,QPM_species,A,0.8517147302627563,0.786201000213623,0.7688980102539062,0.7109848357457784,10.088856118800438,0.6435715909826112,0.12546251546972795,59.83497931766159,0.591750334531488,0.03633712239169895,0.1438553159572542,0.6461080756772124,0.3431682753644202,20.879925179575146,0.6222175642872785,,,,,,,,,,,,,,,,,,,,,,,,,,,,,,,,,,,,,,,,,,
resnet50_vicreg_ce,QPM_species,B,0.9861220121383667,0.9935471415519714,0.9836065769195557,0.3585201400162167,3.3150480084921004,0.6635062791917993,0.6758624260491296,380.81122661331744,0.5475266346007893,0.43589199617545415,0.0025341902840631558,0.7271929930972358,1.0217165640503134,65.75269541907072,0.8610669034981636,,,,,,,,,,,,,,,,,,,,,,,,,,,,,,,,,,,,,,,,,,
resnet50_vicreg_ce,QPM_species,Full,0.848158061504364,0.7846052646636963,0.7607825994491577,,,,,,,,,,,,,,,,,,,,,,,,,,,,,,,,,,,,,,,,,,,,,,,,,,,,,,
resnet50_vicreg_ce,rbc_phase,Full,0.9907451272010803,0.8754398226737976,0.8712174296379089,,,,,,,,,,,,,,,,,,,,,,,,,,,,,,,,,,,,,,,,,,,,,,,,,,,,,,
resnet_ce_mse,CIFAR10,A,1.0,0.9179999828338623,0.9128000140190125,0.08536988266112004,2.487211983712513,0.5913577,0.5868958965424541,146.14385008392333,0.75425168,0.10769264853489549,1.357944478611151,0.57173687,0.5306329229629971,249.815718724823,0.7647392933333333,0.11886971279142941,0.00017883749740334063,0.5510828066666666,0.06554056200828676,0.0002769944787025452,0.51647343,,,,,,,,,,,,,,,,,,,,,,,,,,,,,,,,,,,,
resnet_ce_mse,CIFAR10,B,1.0,0.8546000123023987,0.840399980545044,0.05434565971617362,1.519409934902192,0.56744761,0.05667645487735035,39.72476192982992,0.54583344,0.024858808175227495,0.6378203977147743,0.5296222966666667,0.08624054860807451,118.99172322794598,0.6024224300000001,0.07624091439118336,0.0003100194728244483,0.57649931,0.04724603284440976,0.00042896557251612344,0.5427396533333333,,,,,,,,,,,,,,,,,,,,,,,,,,,,,,,,,,,,
resnet_ce_mse,CIFAR10,Full,1.0,0.8147000074386597,0.8048999905586243,,,,,,,,,,,,,,,,,,,,,,,,,,,,,,,,,,,,,,,,,,,,,,,,,,,,,,
resnet_ce_mse,MNIST,A,1.0,0.9962591528892517,0.9975313544273376,4.5714110849424765,16.5215519902868,0.9789716422405471,2.5510940443360806,119.06854389326514,0.9028265075090021,3.98702984762915,19.268845634685093,0.9775976109540482,3.6648640879457117,181.4547718115045,0.9670134999955529,0.2664714729536379,0.0007017462489719811,0.6845416989970544,0.43080590409666886,0.004692764804608989,0.7298427730677779,,,,,,,,,,,,,,,,,,,,,,,,,,,,,,,,,,,,
resnet_ce_mse,MNIST,B,0.9997957348823547,0.9983659982681274,0.9980540871620178,5.33995130251141,14.631266896697026,0.9839888172854189,1.1514595148363296,100.20625072401224,0.7642993765015056,4.933459248574444,18.07943303098665,0.9828491871684377,1.623821813672961,174.16220800025593,0.8521037072208878,0.8579376765017204,0.0013935807545767212,0.7313965044774388,0.6704169229401414,0.010302289826039986,0.7897920375930569,,,,,,,,,,,,,,,,,,,,,,,,,,,,,,,,,,,,
resnet_ce_mse,MNIST,Full,1.0,0.9951666593551636,0.9944000244140625,,,,,,,,,,,,,,,,,,,,,,,,,,,,,,,,,,,,,,,,,,,,,,,,,,,,,,
resnet_ce_mse,QPM2_species,A,0.9851846694946289,0.9721068143844604,0.9245008230209351,1.32276515379356,0.23265236535668327,0.7061687620174262,0.26132813988846887,20.547702768396327,0.6117116431323022,0.17778735144031876,0.006071212835112434,0.658020046233761,0.3543840204766556,14.26300110708623,0.6114174552329267,0.6823465922438127,1.5133790389660353e-05,0.5828422094533796,0.323544274033459,0.005230995107043879,0.6119729050055582,,,,,,,,,,,,,,,,,,,,,,,,,,,,,,,,,,,,
resnet_ce_mse,QPM2_species,B,0.8852319717407227,0.8250243663787842,0.6315205097198486,0.11281749493793522,0.10799005193139558,0.5752390801901446,1.1734841121823987,9.837143367132006,0.5978694786002976,0.08474087810222553,0.00035321300616466183,0.6155776046805636,0.15665804997755572,2.535951164836151,0.5206635015529295,0.43668472112130974,1.096290906827292e-05,0.5658840215805516,1.090596675361697,0.005875449763594765,0.6236947339586674,,,,,,,,,,,,,,,,,,,,,,,,,,,,,,,,,,,,
resnet_ce_mse,QPM2_species,Full,0.9185686111450195,0.7749181389808655,0.5416718125343323,,,,,,,,,,,,,,,,,,,,,,,,,,,,,,,,,,,,,,,,,,,,,,,,,,,,,,
resnet_ce_mse,QPM_species,A,0.8549221158027649,0.7661284804344177,0.7463570237159729,0.17601633058131982,0.429384422217087,0.6295161750873421,0.3170281131908955,13.526613885370542,0.6930820470745369,0.021468765342132778,0.009981246284484114,0.5534049251713249,0.06359459029026165,5.810102543856385,0.5463794820376342,0.117088875544614,3.258885264448346e-05,0.6312245932588562,2.1050240099469466,0.007283013700787487,0.7398255712230135,,,,,,,,,,,,,,,,,,,,,,,,,,,,,,,,,,,,
resnet_ce_mse,QPM_species,B,0.983892023563385,0.9922186136245728,0.9808743000030518,3.5426735594754857,1.3487461149946576,0.7805181151677915,1.1185410299926504,180.5770610551365,0.7179394882150358,2.11702220912622,0.004025248951509825,0.8188660809488438,0.46944780064342956,9.474154711696738,0.5938445000908259,2.6902368192387156,0.0002468664265933539,0.7359202252045448,0.09573414902444455,0.002117774681695389,0.5734422007039626,,,,,,,,,,,,,,,,,,,,,,,,,,,,,,,,,,,,
resnet_ce_mse,QPM_species,Full,0.8391553163528442,0.7082286477088928,0.6925253868103027,,,,,,,,,,,,,,,,,,,,,,,,,,,,,,,,,,,,,,,,,,,,,,,,,,,,,,
resnet_ce_mse,rbc_phase,Full,0.7781205773353577,0.7797325849533081,0.7579169869422913,,,,,,,,,,,,,,,,,,,,,,,,,,,,,,,,,,,,,,,,,,,,,,,,,,,,,,
resnet_edl_mse,CIFAR10,A,0.9972500205039978,0.907800018787384,0.9031999707221985,0.3321179291421276,5.79969538509051,0.6906461666666667,0.5085218747199702,653.114686654663,0.7713495533333333,0.40738717122270407,27.431224085251493,0.67168622,0.48063072609503377,5895.615787532552,0.76646205,0.06475721389998391,0.00024939603607829946,0.5566530333333333,0.06173389491844559,0.00036477577487627666,0.52283377,,,,,,,,,,,,,,,,,,,,,,,,,,,,,,,,,,,,
resnet_edl_mse,CIFAR10,B,0.9947500228881836,0.8425999879837036,0.8263999819755554,0.09694426760091536,2.7013433424949653,0.59627177,0.08752130949917913,256.05792798461914,0.6078552366666667,0.09865895422502854,14.940741341455773,0.5987129166666666,0.0863984704863145,2558.3420333007816,0.6086628366666667,0.06980581779330554,0.0003372256943645576,0.5686188333333334,0.02967807172309194,0.0004902391811211904,0.5408510566666667,,,,,,,,,,,,,,,,,,,,,,,,,,,,,,,,,,,,
resnet_edl_mse,CIFAR10,Full,0.8744000196456909,0.7091000080108643,0.6995999813079834,,,,,,,,,,,,,,,,,,,,,,,,,,,,,,,,,,,,,,,,,,,,,,,,,,,,,,
resnet_edl_mse,MNIST,A,0.7951791882514954,0.7961230874061584,0.7977782487869263,1.2775923608944189,10.420256124865613,0.8690782082454714,1.379693979796662,657.4545182767288,0.6575150395490221,0.3658098281999833,50.06042607982873,0.8605612492954046,1.6655740918364703,6341.900945323005,0.6787183721448143,0.1582570485941802,0.00048029408113547695,0.6299565733462742,0.3113732169059709,0.0031514488342736504,0.674668868563125,,,,,,,,,,,,,,,,,,,,,,,,,,,,,,,,,,,,
resnet_edl_mse,MNIST,B,0.7768017649650574,0.7872549295425415,0.7775831818580627,3.6003255060874007,16.334010604839428,0.9591804340146497,3.180347800858116,536.1048547965788,0.6202798449989462,1.5281543225024434,45.467686796917505,0.9372352383116074,2.9331773253205022,2178.619189384177,0.6333512874412932,1.265257753533943,0.002096572335570826,0.825964613058023,0.9795922156693379,0.013293697458114657,0.8345427468058767,,,,,,,,,,,,,,,,,,,,,,,,,,,,,,,,,,,,
resnet_edl_mse,MNIST,Full,0.9002291560173035,0.8941666483879089,0.8906999826431274,,,,,,,,,,,,,,,,,,,,,,,,,,,,,,,,,,,,,,,,,,,,,,,,,,,,,,
resnet_edl_mse,QPM2_species,A,0.9791695475578308,0.9699155688285828,0.9012372493743896,1.3694385262366868,0.2589160660505179,0.7400383907298712,0.2798495912588667,318.2206582619443,0.6011337450029591,0.8555526353391775,0.6128326787427476,0.736494247115222,0.38239426407560834,3632.4695600657433,0.6233357589386896,0.8380510836769327,4.744651695832535e-05,0.5749457764535761,0.36417090351913356,0.011836256054091672,0.6178245678617806,,,,,,,,,,,,,,,,,,,,,,,,,,,,,,,,,,,,
resnet_edl_mse,QPM2_species,B,0.9115130305290222,0.820542573928833,0.6161328554153442,0.04082222664389288,0.14293599937648518,0.5478892269424304,0.332948657677389,55.637202335631734,0.6107380650026673,0.020801775020269423,0.1621869296529969,0.5183279554414051,0.06590173723083126,534.1266498750634,0.5673640994230924,0.024831860219184532,4.824384601176535e-06,0.5302404013813851,0.9997447378601358,0.005758903906414156,0.6386521431195966,,,,,,,,,,,,,,,,,,,,,,,,,,,,,,,,,,,,
resnet_edl_mse,QPM2_species,Full,0.825566828250885,0.7649575471878052,0.5571796894073486,,,,,,,,,,,,,,,,,,,,,,,,,,,,,,,,,,,,,,,,,,,,,,,,,,,,,,
resnet_edl_mse,QPM_species,A,0.893831193447113,0.7543251514434814,0.7404940724372864,0.13578597435005352,0.2903202152683759,0.5584486949850449,0.35744655562478456,55.03759829984988,0.7046329772773647,0.0316740690723154,0.2694169146764509,0.5322825315930853,0.07004567365695213,1026.880849835217,0.5742412717764291,0.032607162522413996,2.1714111242272663e-05,0.5768460216569868,2.333552631304049,0.007762981012110718,0.7460706255692168,,,,,,,,,,,,,,,,,,,,,,,,,,,,,,,,,,,,
resnet_edl_mse,QPM_species,B,0.9705122113227844,0.9836781024932861,0.9651639461517334,3.007719324688006,0.51662865336225,0.8258462861250461,0.9930476997379297,650.4314589821794,0.7156304958189008,1.3267719707949592,1.063058101844228,0.8258584169739814,0.8288656894163522,1985.1389132987824,0.6586666828411318,2.4234841481339378,0.0003146312147134328,0.7323843354658744,0.36814869148743395,0.009054545087498938,0.702723622479894,,,,,,,,,,,,,,,,,,,,,,,,,,,,,,,,,,,,
resnet_edl_mse,QPM_species,Full,0.8811057806015015,0.7490836381912231,0.7238973379135132,,,,,,,,,,,,,,,,,,,,,,,,,,,,,,,,,,,,,,,,,,,,,,,,,,,,,,
resnet_edl_mse,rbc_phase,Full,0.7831039428710938,0.801548182964325,0.7818437814712524,,,,,,,,,,,,,,,,,,,,,,,,,,,,,,,,,,,,,,,,,,,,,,,,,,,,,,
z_resnet_ce_mse,CIFAR10,A,0.652649998664856,0.620199978351593,0.6087999939918518,0.024359021359177408,3.5942456622441603,0.5502504233333333,0.1477516172152205,74.55412238871256,0.6283644566666666,0.03759287706068106,6.586307737346491,0.5787309866666667,0.12108079224850074,119.66651865997315,0.6231474766666667,0.10938306316321003,0.001745825883815996,0.5456798266666667,0.06962022896988118,0.002702361567815145,0.5081070666666667,,,,,,,,,,,,,0.013325469521994532,0.4636391276677448,0.50506409,0.1378581883049306,81.88336615295411,0.6191061166666667,0.014904411418386838,1.5416415133794146,0.52735816,0.10782771643494476,134.00915545603434,0.6193170433333334,0.19458959516280724,0.036432826409582036,0.5485994166666667,0.5348530107985867,9.464793493586775,0.5508599233333333,0.05048624973007879,0.010908788390954336,0.5446307966666666,0.06443431629682345,0.05239533117801572,0.5707227533333333
z_resnet_ce_mse,CIFAR10,B,0.6344000101089478,0.5898000001907349,0.5892000198364258,0.04012667233336501,2.5317481962839743,0.5563554166666667,0.03365553690796701,18.730917413838704,0.5219833533333333,0.033327727252665966,1.6012196458737016,0.5377578633333333,0.018669450285344447,33.72176803512574,0.5287577933333334,0.07832698726486184,0.0033951879013174517,0.5853098133333334,0.03986972226725845,0.004128689932823181,0.5423647,,,,,,,,,,,,,0.04035517246730267,0.8103220503171277,0.531259,0.03283314484535189,19.579652938842777,0.5266518466666666,0.06592644720416188,0.4350366967439645,0.5107666033333333,0.01743112440325614,26.249078537495937,0.51994217,0.051673367729569264,0.007694437299668786,0.5097401666666667,0.3089827807577925,1.9246072663500886,0.5003705133333334,0.026291693182258213,0.007605581786235174,0.5198167766666667,0.036909508870898326,0.0376000810320334,0.5516461066666667
z_resnet_ce_mse,CIFAR10,Full,0.4770500063896179,0.4408000111579895,0.43209999799728394,,,,,,,,,,,,,,,,,,,,,,,,,,,,,,,,,,,,,,,,,,,,,,,,,,,,,,
z_resnet_ce_mse,MNIST,A,0.9276027679443359,0.9268831610679626,0.9302612543106079,1.9179772765885783,13.098541088742943,0.9017688954559823,0.7504103696061055,79.52131520182358,0.8038902908438184,1.927005953332596,14.062955408231408,0.9036265433853344,1.277000293858421,130.08245347288593,0.8863647888997063,0.4695317078652617,0.008322126487381874,0.7427614879893012,0.4649854388425658,0.04379540608931144,0.7432352230974497,,,,,,,,,,,,,1.7116203360737148,7.751864686038016,0.8934030753419959,0.7342768051351445,73.34951382618843,0.7734160033714081,1.5871051718569251,5.6983668479073,0.8814510583244561,1.1819136627126627,125.1539112694712,0.8748170081101984,0.5915329560222488,0.03842356379993916,0.6721557090386855,0.47534334040971415,3.2036168623806778,0.6699967908758981,0.5565276447666276,0.03745907291643949,0.7687568237782711,0.6991463407374502,0.13432672927377565,0.8027837086335226
z_resnet_ce_mse,MNIST,B,0.8152884244918823,0.8155228495597839,0.8166958689689636,1.1055063152298517,5.676785860507794,0.7375232707018062,0.1044807159550075,31.587188489435,0.5864902564109554,0.7834037223777005,6.6933535684027134,0.7199806022943039,0.1622519502821346,58.84769891412174,0.6421710761563966,0.43119922644223824,0.007403844834065223,0.6311600031881817,0.2926784800701125,0.06836335484001868,0.6877478276679363,,,,,,,,,,,,,1.2121059726071828,3.6257479369612673,0.7721622336943378,0.08425915437669561,24.406554953475315,0.5692238904521713,1.2339316927478627,2.1744269741203794,0.7120489811235399,0.12546282107593895,49.179316874254845,0.6256973373543948,0.3399134576389141,0.040378917808185456,0.5125517444177787,0.4688061200755321,2.479303687420262,0.5349675007362092,0.27826640113886814,0.05496489052556803,0.681961712460148,0.40445826779240013,0.21689354469133398,0.7316041650463816
z_resnet_ce_mse,MNIST,Full,0.9541249871253967,0.9475833177566528,0.9527000188827515,,,,,,,,,,,,,,,,,,,,,,,,,,,,,,,,,,,,,,,,,,,,,,,,,,,,,,
z_resnet_ce_mse,QPM2_species,A,0.4702095687389374,0.47313398122787476,0.5240278840065002,0.1330853617920299,17.47125572803266,0.5866467363405956,0.32205375578340933,32.00928871376734,0.6588616500683487,0.31180602632314997,0.08305876750395022,0.574336064370838,0.10463125709207031,3.867581535972923,0.5402018333055262,0.17474079986798696,0.010844678531631038,0.594571376765252,0.3945622543144341,0.08258309906902472,0.5999069938168828,,,,,,,,,,,,,1.162867679142601,0.4382449533738535,0.6832465980102117,0.2276916020194286,34.646449055611996,0.6670470622581095,0.0867261597405381,0.002108619999152534,0.5922228831130625,0.10400664253451389,5.170177836778887,0.5401333653464876,0.09755940929002416,0.04165076724236422,0.586635048405691,1.4934543100701327,4.7772304280079325,0.6054242950941532,0.33237202394886417,0.09840135374334694,0.6743587540892348,0.01834309931714259,0.164648278309487,0.5114310743779266
z_resnet_ce_mse,QPM2_species,B,0.5455090999603271,0.5522923469543457,0.6044174432754517,0.0032968670912023523,0.9075380031866853,0.501995263016362,0.02484383334019544,6.298093701930515,0.5587097313879078,0.02573619581526512,0.014438209885758365,0.5499141835387436,0.18584947064550472,9.486653260136105,0.6035805013818971,1.6723566440083986,0.0022066193532817874,0.6393691953053782,0.9937916578781673,0.06327882211654622,0.5723472979080988,,,,,,,,,,,,,0.028867133650874986,0.07160399962396936,0.5170798076437559,0.008988076450647023,5.040924990314962,0.5260318007532059,0.054891950843589096,0.0003962057950251513,0.5727154309550799,0.2116691159483042,11.487309855229322,0.6038969929459065,0.08506952230834328,0.055381666465325274,0.5804086789349256,0.024581381769304845,3.0016565510109556,0.5874002445719686,1.8539515954967056,0.07921685168262117,0.580247604495114,0.034215338842204554,0.16854066480429128,0.5939552179740238
z_resnet_ce_mse,QPM2_species,Full,0.32768532633781433,0.32879871129989624,0.367645263671875,,,,,,,,,,,,,,,,,,,,,,,,,,,,,,,,,,,,,,,,,,,,,,,,,,,,,,
z_resnet_ce_mse,QPM_species,A,0.3512646555900574,0.3446977436542511,0.3854735791683197,0.20033563602898555,1.851718414758074,0.6032475507349427,0.4500927742142695,11.568714578729296,0.6574218127905183,0.027758729256387178,0.020301536814813507,0.5259372811003862,0.21935232699881674,14.97127211544466,0.6748241279630377,2.054158843733532,0.00219416917016862,0.6814541909594694,1.6721584020660094,0.09074751866849068,0.7380091709995571,,,,,,,,,,,,,0.476221008653272,0.9250890684461659,0.673873615683508,0.7385705190789692,31.131719091116622,0.6989099868458051,0.18310625670460143,0.013669586654159651,0.6482934072879651,0.215966039873846,16.591082880772205,0.6735810658754866,0.4508351799392394,0.015896995302513657,0.6858749230935283,1.22507023646204,3.469458241056493,0.6155415926373834,0.08827103699788497,0.026851480907314408,0.5861467085429792,0.213034317392694,0.3092779605755835,0.6682376699251993
z_resnet_ce_mse,QPM_species,B,0.9516997337341309,0.9690643548965454,0.9491119980812073,0.5878501114252275,13.814611358044202,0.7390504508010094,0.9852979977000637,314.7446255892352,0.7266729801514428,0.534414773470389,0.47570632455922846,0.6029307003481242,0.7060042358896454,20.531715238468976,0.6604323531762917,1.4937131292270713,0.005450824791394901,0.7424507724706869,0.4758755808393816,0.08991295631535144,0.6816969245809569,,,,,,,,,,,,,4.289272939737244,1.8466948231550067,0.7981201616575592,1.00993359825401,423.0657205790118,0.7278800190609851,2.3844587240753214,0.004017951053011858,0.7680694146616552,0.8015190200043252,40.95075579132429,0.6878799444096071,1.3417965566692336,0.12510137158455845,0.7685245936632178,9.42450954977723,10.09009218196876,0.742751370630406,0.9286059219411509,0.042547213622726815,0.8090491136859616,0.4721766367726516,0.18515679506985355,0.8241396564761314
z_resnet_ce_mse,QPM_species,Full,0.03237242251634598,0.031526707112789154,0.05220530927181244,,,,,,,,,,,,,,,,,,,,,,,,,,,,,,,,,,,,,,,,,,,,,,,,,,,,,,
z_resnet_ce_mse,rbc_phase,Full,0.6608922481536865,0.662209689617157,0.6558761596679688,,,,,,,,,,,,,,,,,,,,,,,,,,,,,,,,,,,,,,,,,,,,,,,,,,,,,,
z_resnet_edl_mse,CIFAR10,A,0.5178499817848206,0.5055999755859375,0.5022000074386597,0.013859222231946196,2.453584786955517,0.5249045866666666,0.035699659752309765,116.36754160766601,0.5609910766666666,0.07550642559067154,20.90412330438295,0.5326035199999999,0.02947866435789755,953.664589123535,0.55651148,0.14537825871683277,0.0022046111517585805,0.55255955,0.06465858349783235,0.00317121942838033,0.5161819666666667,,,,,,,,,,,,,0.020688469963443017,0.780540427684786,0.5220334866666667,0.03212716047237385,105.62757090555827,0.55215316,0.018151174366793907,2.9622012023607827,0.5149412633333333,0.02855628889241467,853.0109623046874,0.5501129499999999,0.2177999465507736,0.3761371928631328,0.5683560933333334,0.4897364103664244,428.3355680125882,0.57374766,0.06490351946604477,0.03336679228072365,0.5139129966666667,0.046822797781458356,0.04037400982420659,0.5343812699999999
z_resnet_edl_mse,CIFAR10,B,0.540149986743927,0.5239999890327454,0.5049999952316284,0.027787783760945293,1.4412782002925846,0.53266086,0.02343445854545479,69.44821293182375,0.5295181033333334,0.07389737993720895,7.396964458131776,0.5335782166666666,0.012024461138400874,284.671347064209,0.51775441,0.07541602901274722,0.003129310974401111,0.5704482033333333,0.04593958999837677,0.004975740466515223,0.5429247899999999,,,,,,,,,,,,,0.0339232744674085,0.45612694870630505,0.5059687633333333,0.0333423555047645,145.6310458307902,0.5499993466666666,0.03665602090315065,2.0836249908446978,0.5003230566666667,0.01884697714469472,823.9073459330242,0.5362222600000001,0.11183338957989873,0.13573790230602029,0.53811439,0.3849387509172086,160.2796445680062,0.5408727433333334,0.028276522701637892,0.02399109209527572,0.5211377466666667,0.024929217467346367,0.018894403775893926,0.50283669
z_resnet_edl_mse,CIFAR10,Full,0.24637499451637268,0.24330000579357147,0.23849999904632568,,,,,,,,,,,,,,,,,,,,,,,,,,,,,,,,,,,,,,,,,,,,,,,,,,,,,,
z_resnet_edl_mse,MNIST,A,0.7289886474609375,0.7298078536987305,0.7368854284286499,0.7735841315230528,9.113102584061618,0.7860528829917199,0.6064780521070807,453.89661548551067,0.6174467576548863,0.36226562781420446,32.62640696004746,0.777683165529062,0.6085354166353861,4449.491865247728,0.6458894441923129,0.27441991617399114,0.008680946910244078,0.6949445630935416,0.4036130015641468,0.04276444438481797,0.727402842825138,,,,,,,,,,,,,0.5692082047114926,4.929651722203711,0.7704257266230967,0.5994001373347424,440.8571870353298,0.6151060658835568,0.4143949020663565,9.502026376140542,0.7512455929233129,0.6138610738792167,4320.744696548373,0.6446859607685514,0.16862547841443973,0.22811164473235454,0.597119902507564,1.0706821723968831,134.93256810217957,0.5947801807558075,0.7272925931706211,0.0522363735079157,0.7920825994981746,0.7520464829997672,0.14481169528387003,0.8143267429474323
z_resnet_edl_mse,MNIST,B,0.7242196202278137,0.7343137264251709,0.7267950773239136,2.102662956584385,13.157869950272712,0.836275728530594,0.8202629250711115,335.5400329535627,0.5492731908481923,1.5487633670291077,32.11887889756455,0.818218223308839,0.6640129946862243,1306.4772260356376,0.5589541378596652,1.5198672325506966,0.025766092816388697,0.8409653824183823,1.1002411742569733,0.09590260067355008,0.8650949936433712,,,,,,,,,,,,,2.4281582579043284,5.66345594113096,0.8497439615859893,0.7605692132744546,331.90600910263015,0.5429957299435251,1.91091460651198,5.370154692894077,0.8064773384260191,0.6199411728277882,1298.0102521050803,0.5538271652894137,1.7677652657807277,0.27507828461567935,0.762858709120934,1.474414052925637,64.57659364886034,0.7592180175308533,1.2705149171669492,0.14426123078055245,0.8914727073565303,1.6859721111912875,0.4373374163769835,0.8877106615570576
z_resnet_edl_mse,MNIST,Full,0.8261041641235352,0.8244166374206543,0.8233000040054321,,,,,,,,,,,,,,,,,,,,,,,,,,,,,,,,,,,,,,,,,,,,,,,,,,,,,,
z_resnet_edl_mse,QPM2_species,A,0.23189745843410492,0.23140835762023926,0.3734833300113678,0.03044371568231488,118.82839212648109,0.5582505586659603,0.05006971709892434,193.1220551193119,0.5686539660994361,0.0551866711582996,728.8497522524867,0.6050639682656157,0.14382848341540225,2040.6679455272508,0.5871535781237477,0.33079258384305865,0.004270054954820478,0.6396591020854471,0.2723393084294992,0.07038463344740549,0.6235798670266375,,,,,,,,,,,,,0.4961999039424744,0.3378264204941252,0.6872906545066928,0.04962106016597517,460.27243539976547,0.5684605532926464,0.02048977282611901,0.2207659007424974,0.5120488344173063,0.15151373679926144,5233.764463501035,0.5904231826620305,0.045600977131295226,0.5266875214369355,0.5523851708561428,0.026350070687000144,515.1285062337815,0.5268279578065888,0.3778963122188659,0.027414710306394943,0.5318368678230369,0.1747168703750412,0.0718480983555151,0.519727210149791
z_resnet_edl_mse,QPM2_species,B,0.5209088921546936,0.5194695591926575,0.4823910892009735,0.028889546593716363,51.8915138103177,0.5681596037833408,0.06594627831257036,150.9676923889411,0.599666923826478,0.09920494165419268,425.10370311932,0.5571969559939339,0.06544930294478833,4544.058896080156,0.5998344783474865,0.7487891504398179,0.0044886818923828104,0.6291733271744089,0.9505599006927828,0.04414536318940337,0.5842573121329498,,,,,,,,,,,,,0.01783785073399717,0.45971813522406846,0.557139462307297,0.07374962499721213,383.08188856567136,0.6022041377833589,0.01659597176238139,0.21997072052385983,0.5055829263523162,0.06500601792691446,9517.905058277933,0.6001581998089616,0.03316611809405477,0.4827088476392243,0.5683163508954825,0.03680480166160442,3805.8109570634715,0.5912094513395537,0.04128493266659187,0.030113631511610516,0.5235720178943155,0.05804585727282526,0.10997045808646429,0.553879816099202
z_resnet_edl_mse,QPM2_species,Full,0.32206520438194275,0.3214954137802124,0.285939484834671,,,,,,,,,,,,,,,,,,,,,,,,,,,,,,,,,,,,,,,,,,,,,,,,,,,,,,
z_resnet_edl_mse,QPM_species,A,0.3038945198059082,0.2924953103065491,0.3888888955116272,0.017922581617462883,19.58821655579166,0.50570072138115,0.03183329955066238,26.892863664470738,0.5430239123138692,0.24301873112588737,439.1682339012076,0.501966762484821,0.02455456818800137,721.3512344221383,0.522104545211363,0.03532595427076424,0.0021403937164578735,0.5269977486388566,0.7529498109490582,0.05399863910479624,0.6854029183712065,,,,,,,,,,,,,0.018587160315793133,0.9353757723215897,0.544252559298078,0.026438512583248173,68.80595678666467,0.5366426192026984,0.0184425396130277,1.1786700107092623,0.5243880122795296,0.02150621879434676,1841.5347733627902,0.5191466107185694,0.037356899261773026,0.11309172862458744,0.5301033237281894,0.09962758992984705,2200.922170458378,0.5933740894864732,0.2001531119009257,0.07607585538131183,0.6432916969160271,0.19894137936042983,0.3571266120544668,0.6399844853440682
z_resnet_edl_mse,QPM_species,B,0.7347994446754456,0.7301195859909058,0.6847677826881409,0.1740996481002532,0.9926034671666668,0.6123452986272856,0.09162045268226136,51.38883670952801,0.5598413708761334,0.22157360907200024,1.0641871195661978,0.5233263199918878,0.06306712127675487,104.58855259309912,0.5033377914203171,3.1549262587053706,0.0042305897889297625,0.7358283204155344,0.08195716962680952,0.012238229136788483,0.5424916810370569,,,,,,,,,,,,,0.5307164037514277,0.49031756501088325,0.6784107961911624,0.08559420470317451,11.664592332961558,0.5136511320259389,0.10476122277625248,1.607460458324493,0.5209068182836155,0.02928936290198479,20.01027571047588,0.5067221816305354,0.3055589115031878,0.44245982564940317,0.6766475364734191,2.0229340176306296,534.6188861932671,0.6811150229210835,0.5306330907526983,0.12072081802725004,0.7049174981741517,0.5198012628753355,0.2748376719220177,0.714503959866797
z_resnet_edl_mse,QPM_species,Full,0.26906347274780273,0.25979161262512207,0.33186963200569153,,,,,,,,,,,,,,,,,,,,,,,,,,,,,,,,,,,,,,,,,,,,,,,,,,,,,,
z_resnet_edl_mse,rbc_phase,Full,0.6898433566093445,0.7100633382797241,0.6896551847457886,,,,,,,,,,,,,,,,,,,,,,,,,,,,,,,,,,,,,,,,,,,,,,,,,,,,,,
